instance,run,n,alg,test,initial_f,best_f,delta,delta_rel,time,valid_perm
Cebe.lop.n10.1,1,10,ILS,ils_suave,2096,2384,288,0.13740458015267176,0.181105,True
Cebe.lop.n10.1,2,10,ILS,ils_suave,1541,2384,843,0.5470473718364698,0.186901,True
Cebe.lop.n10.1,3,10,ILS,ils_suave,1428,2384,956,0.6694677871148459,0.297164,True
Cebe.lop.n10.1,1,10,ILS,ils_fuerte,2096,2384,288,0.13740458015267176,0.234349,True
Cebe.lop.n10.1,2,10,ILS,ils_fuerte,1541,2384,843,0.5470473718364698,0.215699,True
Cebe.lop.n10.1,3,10,ILS,ils_fuerte,1428,2384,956,0.6694677871148459,0.191246,True
Cebe.lop.n10.1,1,10,ILS,ils_fuerte_grande,2096,2384,288,0.13740458015267176,0.193171,True
Cebe.lop.n10.1,2,10,ILS,ils_fuerte_grande,1541,2384,843,0.5470473718364698,0.211332,True
Cebe.lop.n10.1,3,10,ILS,ils_fuerte_grande,1428,2384,956,0.6694677871148459,0.209794,True
Cebe.lop.n10.1,1,10,TABU,tabu_basico,2096,2360,264,0.12595419847328243,0.201557,True
Cebe.lop.n10.1,2,10,TABU,tabu_basico,1541,2384,843,0.5470473718364698,0.189631,True
Cebe.lop.n10.1,3,10,TABU,tabu_basico,1428,2383,955,0.6687675070028011,0.186958,True
Cebe.lop.n10.1,1,10,TABU,tabu_memorias,2096,2360,264,0.12595419847328243,0.204001,True
Cebe.lop.n10.1,2,10,TABU,tabu_memorias,1541,2384,843,0.5470473718364698,0.215263,True
Cebe.lop.n10.1,3,10,TABU,tabu_memorias,1428,2383,955,0.6687675070028011,0.234050,True
Cebe.lop.n10.1,1,10,TABU,tabu_memorias_grande,2096,2383,287,0.13692748091603055,0.206925,True
Cebe.lop.n10.1,2,10,TABU,tabu_memorias_grande,1541,2384,843,0.5470473718364698,0.203001,True
Cebe.lop.n10.1,3,10,TABU,tabu_memorias_grande,1428,2383,955,0.6687675070028011,0.198096,True
Cebe.lop.n10.1,1,10,GA,ga_tournament_insert,2293,2384,91,0.0396860008722198,2.560224,True
Cebe.lop.n10.1,2,10,GA,ga_tournament_insert,2181,2384,203,0.09307657038055937,2.526780,True
Cebe.lop.n10.1,3,10,GA,ga_tournament_insert,2266,2383,117,0.05163283318623124,2.603672,True
Cebe.lop.n10.1,1,10,GA,ga_tournament_swap,2293,2383,90,0.03924989097252508,1.773814,True
Cebe.lop.n10.1,2,10,GA,ga_tournament_swap,2181,2383,202,0.09261806510774874,1.786432,True
Cebe.lop.n10.1,3,10,GA,ga_tournament_swap,2266,2379,113,0.0498676081200353,1.949738,True
Cebe.lop.n10.1,1,10,GA,ga_best,2293,2384,91,0.0396860008722198,2.083526,True
Cebe.lop.n10.1,2,10,GA,ga_best,2181,2384,203,0.09307657038055937,2.351856,True
Cebe.lop.n10.1,3,10,GA,ga_best,2266,2384,118,0.05207413945278023,2.102505,True
Cebe.lop.n10.2,1,10,ILS,ils_suave,4728,12338,7610,1.609560067681895,0.185423,True
Cebe.lop.n10.2,2,10,ILS,ils_suave,3315,12338,9023,2.721870286576169,0.200125,True
Cebe.lop.n10.2,3,10,ILS,ils_suave,2549,12338,9789,3.840329540996469,0.198596,True
Cebe.lop.n10.2,1,10,ILS,ils_fuerte,4728,12338,7610,1.609560067681895,0.191355,True
Cebe.lop.n10.2,2,10,ILS,ils_fuerte,3315,12338,9023,2.721870286576169,0.190393,True
Cebe.lop.n10.2,3,10,ILS,ils_fuerte,2549,12338,9789,3.840329540996469,0.187631,True
Cebe.lop.n10.2,1,10,ILS,ils_fuerte_grande,4728,12338,7610,1.609560067681895,0.185800,True
Cebe.lop.n10.2,2,10,ILS,ils_fuerte_grande,3315,12338,9023,2.721870286576169,0.185907,True
Cebe.lop.n10.2,3,10,ILS,ils_fuerte_grande,2549,12338,9789,3.840329540996469,0.192729,True
Cebe.lop.n10.2,1,10,TABU,tabu_basico,4728,12338,7610,1.609560067681895,0.189908,True
Cebe.lop.n10.2,2,10,TABU,tabu_basico,3315,12338,9023,2.721870286576169,0.232535,True
Cebe.lop.n10.2,3,10,TABU,tabu_basico,2549,12125,9576,3.7567673597489213,0.204545,True
Cebe.lop.n10.2,1,10,TABU,tabu_memorias,4728,12338,7610,1.609560067681895,0.382066,True
Cebe.lop.n10.2,2,10,TABU,tabu_memorias,3315,12338,9023,2.721870286576169,0.204945,True
Cebe.lop.n10.2,3,10,TABU,tabu_memorias,2549,12125,9576,3.7567673597489213,0.200635,True
Cebe.lop.n10.2,1,10,TABU,tabu_memorias_grande,4728,12338,7610,1.609560067681895,0.195248,True
Cebe.lop.n10.2,2,10,TABU,tabu_memorias_grande,3315,12338,9023,2.721870286576169,0.202819,True
Cebe.lop.n10.2,3,10,TABU,tabu_memorias_grande,2549,12125,9576,3.7567673597489213,0.198806,True
Cebe.lop.n10.2,1,10,GA,ga_tournament_insert,11670,12338,668,0.0572407883461868,2.425204,True
Cebe.lop.n10.2,2,10,GA,ga_tournament_insert,11466,12338,872,0.07605093319379033,2.623699,True
Cebe.lop.n10.2,3,10,GA,ga_tournament_insert,10803,12338,1535,0.14209016014070167,2.474318,True
Cebe.lop.n10.2,1,10,GA,ga_tournament_swap,11670,12331,661,0.05664095972579263,1.906814,True
Cebe.lop.n10.2,2,10,GA,ga_tournament_swap,11466,12334,868,0.0757020757020757,1.776582,True
Cebe.lop.n10.2,3,10,GA,ga_tournament_swap,10803,12338,1535,0.14209016014070167,1.773507,True
Cebe.lop.n10.2,1,10,GA,ga_best,11670,12338,668,0.0572407883461868,2.258895,True
Cebe.lop.n10.2,2,10,GA,ga_best,11466,12338,872,0.07605093319379033,2.106124,True
Cebe.lop.n10.2,3,10,GA,ga_best,10803,12338,1535,0.14209016014070167,2.135170,True
Cebe.lop.n10.3,1,10,ILS,ils_suave,1748,3210,1462,0.8363844393592678,0.231756,True
Cebe.lop.n10.3,2,10,ILS,ils_suave,2426,3210,784,0.3231657048639736,0.265077,True
Cebe.lop.n10.3,3,10,ILS,ils_suave,1709,3210,1501,0.8782913984786425,0.189460,True
Cebe.lop.n10.3,1,10,ILS,ils_fuerte,1748,3210,1462,0.8363844393592678,0.192431,True
Cebe.lop.n10.3,2,10,ILS,ils_fuerte,2426,3210,784,0.3231657048639736,0.187507,True
Cebe.lop.n10.3,3,10,ILS,ils_fuerte,1709,3210,1501,0.8782913984786425,0.223982,True
Cebe.lop.n10.3,1,10,ILS,ils_fuerte_grande,1748,3210,1462,0.8363844393592678,0.195869,True
Cebe.lop.n10.3,2,10,ILS,ils_fuerte_grande,2426,3210,784,0.3231657048639736,0.193791,True
Cebe.lop.n10.3,3,10,ILS,ils_fuerte_grande,1709,3210,1501,0.8782913984786425,0.186475,True
Cebe.lop.n10.3,1,10,TABU,tabu_basico,1748,3210,1462,0.8363844393592678,0.193310,True
Cebe.lop.n10.3,2,10,TABU,tabu_basico,2426,3210,784,0.3231657048639736,0.188304,True
Cebe.lop.n10.3,3,10,TABU,tabu_basico,1709,3210,1501,0.8782913984786425,0.190735,True
Cebe.lop.n10.3,1,10,TABU,tabu_memorias,1748,3210,1462,0.8363844393592678,0.215497,True
Cebe.lop.n10.3,2,10,TABU,tabu_memorias,2426,3210,784,0.3231657048639736,0.196233,True
Cebe.lop.n10.3,3,10,TABU,tabu_memorias,1709,3210,1501,0.8782913984786425,0.220707,True
Cebe.lop.n10.3,1,10,TABU,tabu_memorias_grande,1748,3210,1462,0.8363844393592678,0.193709,True
Cebe.lop.n10.3,2,10,TABU,tabu_memorias_grande,2426,3210,784,0.3231657048639736,0.239862,True
Cebe.lop.n10.3,3,10,TABU,tabu_memorias_grande,1709,3210,1501,0.8782913984786425,0.210012,True
Cebe.lop.n10.3,1,10,GA,ga_tournament_insert,2756,3210,454,0.16473149492017417,2.548737,True
Cebe.lop.n10.3,2,10,GA,ga_tournament_insert,3002,3210,208,0.06928714190539641,2.430898,True
Cebe.lop.n10.3,3,10,GA,ga_tournament_insert,2822,3210,388,0.13749114103472715,2.893689,True
Cebe.lop.n10.3,1,10,GA,ga_tournament_swap,2756,3210,454,0.16473149492017417,1.935255,True
Cebe.lop.n10.3,2,10,GA,ga_tournament_swap,3002,3210,208,0.06928714190539641,1.847427,True
Cebe.lop.n10.3,3,10,GA,ga_tournament_swap,2822,3210,388,0.13749114103472715,1.906135,True
Cebe.lop.n10.3,1,10,GA,ga_best,2756,3210,454,0.16473149492017417,2.115323,True
Cebe.lop.n10.3,2,10,GA,ga_best,3002,3210,208,0.06928714190539641,2.309748,True
Cebe.lop.n10.3,3,10,GA,ga_best,2822,3210,388,0.13749114103472715,2.114787,True
Cebe.lop.n10.4,1,10,ILS,ils_suave,4661,6269,1608,0.3449903454194379,0.197301,True
Cebe.lop.n10.4,2,10,ILS,ils_suave,2500,6269,3769,1.5076,0.191214,True
Cebe.lop.n10.4,3,10,ILS,ils_suave,2837,6269,3432,1.2097285865350722,0.192447,True
Cebe.lop.n10.4,1,10,ILS,ils_fuerte,4661,6269,1608,0.3449903454194379,0.185364,True
Cebe.lop.n10.4,2,10,ILS,ils_fuerte,2500,6269,3769,1.5076,0.186463,True
Cebe.lop.n10.4,3,10,ILS,ils_fuerte,2837,6269,3432,1.2097285865350722,0.188021,True
Cebe.lop.n10.4,1,10,ILS,ils_fuerte_grande,4661,6269,1608,0.3449903454194379,0.187398,True
Cebe.lop.n10.4,2,10,ILS,ils_fuerte_grande,2500,6269,3769,1.5076,0.196134,True
Cebe.lop.n10.4,3,10,ILS,ils_fuerte_grande,2837,6269,3432,1.2097285865350722,0.188602,True
Cebe.lop.n10.4,1,10,TABU,tabu_basico,4661,6269,1608,0.3449903454194379,0.191605,True
Cebe.lop.n10.4,2,10,TABU,tabu_basico,2500,6269,3769,1.5076,0.231183,True
Cebe.lop.n10.4,3,10,TABU,tabu_basico,2837,6269,3432,1.2097285865350722,0.192042,True
Cebe.lop.n10.4,1,10,TABU,tabu_memorias,4661,6269,1608,0.3449903454194379,0.284767,True
Cebe.lop.n10.4,2,10,TABU,tabu_memorias,2500,6269,3769,1.5076,0.235903,True
Cebe.lop.n10.4,3,10,TABU,tabu_memorias,2837,6269,3432,1.2097285865350722,0.199616,True
Cebe.lop.n10.4,1,10,TABU,tabu_memorias_grande,4661,6269,1608,0.3449903454194379,0.200523,True
Cebe.lop.n10.4,2,10,TABU,tabu_memorias_grande,2500,6269,3769,1.5076,0.195201,True
Cebe.lop.n10.4,3,10,TABU,tabu_memorias_grande,2837,6269,3432,1.2097285865350722,0.195912,True
Cebe.lop.n10.4,1,10,GA,ga_tournament_insert,5754,6269,515,0.08950295446645812,2.447494,True
Cebe.lop.n10.4,2,10,GA,ga_tournament_insert,5664,6269,605,0.10681497175141243,2.573563,True
Cebe.lop.n10.4,3,10,GA,ga_tournament_insert,5917,6269,352,0.05948960621936792,2.484858,True
Cebe.lop.n10.4,1,10,GA,ga_tournament_swap,5754,6269,515,0.08950295446645812,1.775942,True
Cebe.lop.n10.4,2,10,GA,ga_tournament_swap,5664,6269,605,0.10681497175141243,1.869909,True
Cebe.lop.n10.4,3,10,GA,ga_tournament_swap,5917,6269,352,0.05948960621936792,1.782236,True
Cebe.lop.n10.4,1,10,GA,ga_best,5754,6269,515,0.08950295446645812,2.291110,True
Cebe.lop.n10.4,2,10,GA,ga_best,5664,6269,605,0.10681497175141243,2.179961,True
Cebe.lop.n10.4,3,10,GA,ga_best,5917,6269,352,0.05948960621936792,2.093111,True
Cebe.lop.n10.5,1,10,ILS,ils_suave,3726,10543,6817,1.8295759527643585,0.214098,True
Cebe.lop.n10.5,2,10,ILS,ils_suave,8393,10543,2150,0.2561658524961277,0.292460,True
Cebe.lop.n10.5,3,10,ILS,ils_suave,6102,10543,4441,0.7277941658472632,0.191400,True
Cebe.lop.n10.5,1,10,ILS,ils_fuerte,3726,10543,6817,1.8295759527643585,0.190451,True
Cebe.lop.n10.5,2,10,ILS,ils_fuerte,8393,10543,2150,0.2561658524961277,0.190319,True
Cebe.lop.n10.5,3,10,ILS,ils_fuerte,6102,10543,4441,0.7277941658472632,0.203150,True
Cebe.lop.n10.5,1,10,ILS,ils_fuerte_grande,3726,10543,6817,1.8295759527643585,0.220068,True
Cebe.lop.n10.5,2,10,ILS,ils_fuerte_grande,8393,10543,2150,0.2561658524961277,0.190805,True
Cebe.lop.n10.5,3,10,ILS,ils_fuerte_grande,6102,10543,4441,0.7277941658472632,0.200943,True
Cebe.lop.n10.5,1,10,TABU,tabu_basico,3726,10516,6790,1.8223295759527645,0.198312,True
Cebe.lop.n10.5,2,10,TABU,tabu_basico,8393,10543,2150,0.2561658524961277,0.200621,True
Cebe.lop.n10.5,3,10,TABU,tabu_basico,6102,10543,4441,0.7277941658472632,0.190294,True
Cebe.lop.n10.5,1,10,TABU,tabu_memorias,3726,10516,6790,1.8223295759527645,0.204401,True
Cebe.lop.n10.5,2,10,TABU,tabu_memorias,8393,10543,2150,0.2561658524961277,0.195278,True
Cebe.lop.n10.5,3,10,TABU,tabu_memorias,6102,10543,4441,0.7277941658472632,0.204763,True
Cebe.lop.n10.5,1,10,TABU,tabu_memorias_grande,3726,10516,6790,1.8223295759527645,0.199568,True
Cebe.lop.n10.5,2,10,TABU,tabu_memorias_grande,8393,10543,2150,0.2561658524961277,0.219763,True
Cebe.lop.n10.5,3,10,TABU,tabu_memorias_grande,6102,10543,4441,0.7277941658472632,0.227687,True
Cebe.lop.n10.5,1,10,GA,ga_tournament_insert,10346,10543,197,0.019041175333462206,2.568119,True
Cebe.lop.n10.5,2,10,GA,ga_tournament_insert,9985,10543,558,0.05588382573860791,2.414549,True
Cebe.lop.n10.5,3,10,GA,ga_tournament_insert,10349,10543,194,0.01874577253840951,2.568639,True
Cebe.lop.n10.5,1,10,GA,ga_tournament_swap,10346,10522,176,0.017011405374057608,1.791060,True
Cebe.lop.n10.5,2,10,GA,ga_tournament_swap,9985,10519,534,0.053480220330495744,1.786872,True
Cebe.lop.n10.5,3,10,GA,ga_tournament_swap,10349,10543,194,0.01874577253840951,1.876595,True
Cebe.lop.n10.5,1,10,GA,ga_best,10346,10543,197,0.019041175333462206,2.155662,True
Cebe.lop.n10.5,2,10,GA,ga_best,9985,10543,558,0.05588382573860791,2.102841,True
Cebe.lop.n10.5,3,10,GA,ga_best,10349,10543,194,0.01874577253840951,2.252558,True
Cebe.lop.n20.1,1,20,ILS,ils_suave,6010,13375,7365,1.2254575707154742,0.954682,True
Cebe.lop.n20.1,2,20,ILS,ils_suave,6607,13413,6806,1.0301195701528683,0.917575,True
Cebe.lop.n20.1,3,20,ILS,ils_suave,9436,13413,3977,0.4214709622721492,0.955653,True
Cebe.lop.n20.1,1,20,ILS,ils_fuerte,6010,13391,7381,1.2281198003327787,0.931285,True
Cebe.lop.n20.1,2,20,ILS,ils_fuerte,6607,13413,6806,1.0301195701528683,0.953199,True
Cebe.lop.n20.1,3,20,ILS,ils_fuerte,9436,13398,3962,0.4198813056379822,1.026731,True
Cebe.lop.n20.1,1,20,ILS,ils_fuerte_grande,6010,13413,7403,1.2317803660565725,1.046915,True
Cebe.lop.n20.1,2,20,ILS,ils_fuerte_grande,6607,13392,6785,1.0269411230513092,0.952003,True
Cebe.lop.n20.1,3,20,ILS,ils_fuerte_grande,9436,13413,3977,0.4214709622721492,0.909491,True
Cebe.lop.n20.1,1,20,TABU,tabu_basico,6010,13375,7365,1.2254575707154742,0.879530,True
Cebe.lop.n20.1,2,20,TABU,tabu_basico,6607,13241,6634,1.0040865748448615,0.919303,True
Cebe.lop.n20.1,3,20,TABU,tabu_basico,9436,13294,3858,0.40885968630775754,0.854772,True
Cebe.lop.n20.1,1,20,TABU,tabu_memorias,6010,13375,7365,1.2254575707154742,0.904514,True
Cebe.lop.n20.1,2,20,TABU,tabu_memorias,6607,13241,6634,1.0040865748448615,0.869372,True
Cebe.lop.n20.1,3,20,TABU,tabu_memorias,9436,13294,3858,0.40885968630775754,0.902850,True
Cebe.lop.n20.1,1,20,TABU,tabu_memorias_grande,6010,13375,7365,1.2254575707154742,0.863272,True
Cebe.lop.n20.1,2,20,TABU,tabu_memorias_grande,6607,13241,6634,1.0040865748448615,0.869107,True
Cebe.lop.n20.1,3,20,TABU,tabu_memorias_grande,9436,13294,3858,0.40885968630775754,0.912662,True
Cebe.lop.n20.1,1,20,GA,ga_tournament_insert,11547,13375,1828,0.1583095176236252,2.918663,True
Cebe.lop.n20.1,2,20,GA,ga_tournament_insert,11945,13413,1468,0.12289660946002512,2.751536,True
Cebe.lop.n20.1,3,20,GA,ga_tournament_insert,11390,13294,1904,0.16716417910447762,2.935375,True
Cebe.lop.n20.1,1,20,GA,ga_tournament_swap,11547,12937,1390,0.12037758725210011,1.993603,True
Cebe.lop.n20.1,2,20,GA,ga_tournament_swap,11945,13054,1109,0.09284219338635412,2.204697,True
Cebe.lop.n20.1,3,20,GA,ga_tournament_swap,11390,13027,1637,0.1437225636523266,2.087050,True
Cebe.lop.n20.1,1,20,GA,ga_best,11547,13413,1866,0.16160041569238764,2.624319,True
Cebe.lop.n20.1,2,20,GA,ga_best,11945,13412,1467,0.12281289242360821,2.425141,True
Cebe.lop.n20.1,3,20,GA,ga_best,11390,13413,2023,0.17761194029850746,2.562696,True
Cebe.lop.n20.2,1,20,ILS,ils_suave,6346,11529,5183,0.8167349511503309,0.914257,True
Cebe.lop.n20.2,2,20,ILS,ils_suave,6674,11554,4880,0.7311956847467785,0.957023,True
Cebe.lop.n20.2,3,20,ILS,ils_suave,6016,11554,5538,0.9205452127659575,0.925703,True
Cebe.lop.n20.2,1,20,ILS,ils_fuerte,6346,11554,5208,0.8206744405924992,0.913570,True
Cebe.lop.n20.2,2,20,ILS,ils_fuerte,6674,11554,4880,0.7311956847467785,0.945381,True
Cebe.lop.n20.2,3,20,ILS,ils_fuerte,6016,11554,5538,0.9205452127659575,0.913086,True
Cebe.lop.n20.2,1,20,ILS,ils_fuerte_grande,6346,11554,5208,0.8206744405924992,0.960511,True
Cebe.lop.n20.2,2,20,ILS,ils_fuerte_grande,6674,11529,4855,0.7274498052142643,0.922163,True
Cebe.lop.n20.2,3,20,ILS,ils_fuerte_grande,6016,11554,5538,0.9205452127659575,0.912509,True
Cebe.lop.n20.2,1,20,TABU,tabu_basico,6346,11529,5183,0.8167349511503309,0.881798,True
Cebe.lop.n20.2,2,20,TABU,tabu_basico,6674,11175,4501,0.6744081510338628,0.841016,True
Cebe.lop.n20.2,3,20,TABU,tabu_basico,6016,11554,5538,0.9205452127659575,0.907694,True
Cebe.lop.n20.2,1,20,TABU,tabu_memorias,6346,11529,5183,0.8167349511503309,0.856559,True
Cebe.lop.n20.2,2,20,TABU,tabu_memorias,6674,11175,4501,0.6744081510338628,0.863056,True
Cebe.lop.n20.2,3,20,TABU,tabu_memorias,6016,11554,5538,0.9205452127659575,0.960231,True
Cebe.lop.n20.2,1,20,TABU,tabu_memorias_grande,6346,11529,5183,0.8167349511503309,0.838530,True
Cebe.lop.n20.2,2,20,TABU,tabu_memorias_grande,6674,11175,4501,0.6744081510338628,0.922901,True
Cebe.lop.n20.2,3,20,TABU,tabu_memorias_grande,6016,11554,5538,0.9205452127659575,0.861870,True
Cebe.lop.n20.2,1,20,GA,ga_tournament_insert,9123,11529,2406,0.2637290365011509,2.893788,True
Cebe.lop.n20.2,2,20,GA,ga_tournament_insert,9653,11554,1901,0.19693359577333472,2.778910,True
Cebe.lop.n20.2,3,20,GA,ga_tournament_insert,8885,11529,2644,0.2975801913337085,2.923310,True
Cebe.lop.n20.2,1,20,GA,ga_tournament_swap,9123,10669,1546,0.1694617998465417,2.019725,True
Cebe.lop.n20.2,2,20,GA,ga_tournament_swap,9653,10945,1292,0.13384440070444423,2.164615,True
Cebe.lop.n20.2,3,20,GA,ga_tournament_swap,8885,11017,2132,0.23995498030388296,2.034884,True
Cebe.lop.n20.2,1,20,GA,ga_best,9123,11554,2431,0.2664693631480873,2.628829,True
Cebe.lop.n20.2,2,20,GA,ga_best,9653,11554,1901,0.19693359577333472,2.426529,True
Cebe.lop.n20.2,3,20,GA,ga_best,8885,11554,2669,0.3003939223410242,2.549258,True
Cebe.lop.n20.3,1,20,ILS,ils_suave,23066,54539,31473,1.3644758519032343,0.911878,True
Cebe.lop.n20.3,2,20,ILS,ils_suave,33659,55160,21501,0.6387890311655129,0.963063,True
Cebe.lop.n20.3,3,20,ILS,ils_suave,35154,55160,20006,0.5690959776981283,0.899757,True
Cebe.lop.n20.3,1,20,ILS,ils_fuerte,23066,54870,31804,1.3788259776294112,0.951523,True
Cebe.lop.n20.3,2,20,ILS,ils_fuerte,33659,55160,21501,0.6387890311655129,0.901573,True
Cebe.lop.n20.3,3,20,ILS,ils_fuerte,35154,55160,20006,0.5690959776981283,0.898971,True
Cebe.lop.n20.3,1,20,ILS,ils_fuerte_grande,23066,55086,32020,1.3881904101274603,0.960544,True
Cebe.lop.n20.3,2,20,ILS,ils_fuerte_grande,33659,55086,21427,0.6365905107103598,0.899103,True
Cebe.lop.n20.3,3,20,ILS,ils_fuerte_grande,35154,55086,19932,0.5669909540877283,0.945272,True
Cebe.lop.n20.3,1,20,TABU,tabu_basico,23066,54528,31462,1.3639989595075002,0.856748,True
Cebe.lop.n20.3,2,20,TABU,tabu_basico,33659,54528,20869,0.6200124780890698,0.842731,True
Cebe.lop.n20.3,3,20,TABU,tabu_basico,35154,55160,20006,0.5690959776981283,0.894087,True
Cebe.lop.n20.3,1,20,TABU,tabu_memorias,23066,54528,31462,1.3639989595075002,0.853398,True
Cebe.lop.n20.3,2,20,TABU,tabu_memorias,33659,54528,20869,0.6200124780890698,0.904100,True
Cebe.lop.n20.3,3,20,TABU,tabu_memorias,35154,55160,20006,0.5690959776981283,0.864687,True
Cebe.lop.n20.3,1,20,TABU,tabu_memorias_grande,23066,54528,31462,1.3639989595075002,0.868348,True
Cebe.lop.n20.3,2,20,TABU,tabu_memorias_grande,33659,54528,20869,0.6200124780890698,0.892965,True
Cebe.lop.n20.3,3,20,TABU,tabu_memorias_grande,35154,55160,20006,0.5690959776981283,0.877738,True
Cebe.lop.n20.3,1,20,GA,ga_tournament_insert,45843,55160,9317,0.20323713544052527,2.882049,True
Cebe.lop.n20.3,2,20,GA,ga_tournament_insert,45884,55160,9276,0.20216197367273994,2.775317,True
Cebe.lop.n20.3,3,20,GA,ga_tournament_insert,46584,55160,8576,0.18409754422119182,2.952627,True
Cebe.lop.n20.3,1,20,GA,ga_tournament_swap,45843,53790,7947,0.1733525292847327,2.020862,True
Cebe.lop.n20.3,2,20,GA,ga_tournament_swap,45884,53189,7305,0.15920582338069916,2.164248,True
Cebe.lop.n20.3,3,20,GA,ga_tournament_swap,46584,52857,6273,0.1346599690880989,2.003566,True
Cebe.lop.n20.3,1,20,GA,ga_best,45843,55086,9243,0.20162293043648977,2.581384,True
Cebe.lop.n20.3,2,20,GA,ga_best,45884,55086,9202,0.20054921105396217,2.418941,True
Cebe.lop.n20.3,3,20,GA,ga_best,46584,54870,8286,0.17787223080886141,2.553429,True
Cebe.lop.n20.4,1,20,ILS,ils_suave,30147,50642,20495,0.6798354728497031,0.970851,True
Cebe.lop.n20.4,2,20,ILS,ils_suave,39861,50605,10744,0.26953663982338627,0.921942,True
Cebe.lop.n20.4,3,20,ILS,ils_suave,23646,50661,27015,1.142476528799797,0.899084,True
Cebe.lop.n20.4,1,20,ILS,ils_fuerte,30147,50655,20508,0.6802666932033038,0.938611,True
Cebe.lop.n20.4,2,20,ILS,ils_fuerte,39861,50661,10800,0.27094152178821407,0.898358,True
Cebe.lop.n20.4,3,20,ILS,ils_fuerte,23646,50661,27015,1.142476528799797,0.966824,True
Cebe.lop.n20.4,1,20,ILS,ils_fuerte_grande,30147,50642,20495,0.6798354728497031,0.896452,True
Cebe.lop.n20.4,2,20,ILS,ils_fuerte_grande,39861,50661,10800,0.27094152178821407,0.919117,True
Cebe.lop.n20.4,3,20,ILS,ils_fuerte_grande,23646,50661,27015,1.142476528799797,0.946695,True
Cebe.lop.n20.4,1,20,TABU,tabu_basico,30147,50642,20495,0.6798354728497031,0.832369,True
Cebe.lop.n20.4,2,20,TABU,tabu_basico,39861,50605,10744,0.26953663982338627,0.911750,True
Cebe.lop.n20.4,3,20,TABU,tabu_basico,23646,50661,27015,1.142476528799797,0.826709,True
Cebe.lop.n20.4,1,20,TABU,tabu_memorias,30147,50642,20495,0.6798354728497031,0.848979,True
Cebe.lop.n20.4,2,20,TABU,tabu_memorias,39861,50605,10744,0.26953663982338627,0.928602,True
Cebe.lop.n20.4,3,20,TABU,tabu_memorias,23646,50661,27015,1.142476528799797,0.844574,True
Cebe.lop.n20.4,1,20,TABU,tabu_memorias_grande,30147,50642,20495,0.6798354728497031,0.966167,True
Cebe.lop.n20.4,2,20,TABU,tabu_memorias_grande,39861,50608,10747,0.2696119013572163,0.874697,True
Cebe.lop.n20.4,3,20,TABU,tabu_memorias_grande,23646,50661,27015,1.142476528799797,0.850515,True
Cebe.lop.n20.4,1,20,GA,ga_tournament_insert,43245,50636,7391,0.17090993178402128,2.935053,True
Cebe.lop.n20.4,2,20,GA,ga_tournament_insert,43668,50661,6993,0.1601401483924155,2.745256,True
Cebe.lop.n20.4,3,20,GA,ga_tournament_insert,46756,50482,3726,0.07969030712635812,2.891810,True
Cebe.lop.n20.4,1,20,GA,ga_tournament_swap,43245,49451,6206,0.14350791999075038,2.037898,True
Cebe.lop.n20.4,2,20,GA,ga_tournament_swap,43668,49522,5854,0.134056975359531,2.152897,True
Cebe.lop.n20.4,3,20,GA,ga_tournament_swap,46756,49229,2473,0.05289160749422534,2.022596,True
Cebe.lop.n20.4,1,20,GA,ga_best,43245,50647,7402,0.1711642964504567,2.518867,True
Cebe.lop.n20.4,2,20,GA,ga_best,43668,50623,6955,0.15926994595584867,2.407391,True
Cebe.lop.n20.4,3,20,GA,ga_best,46756,50461,3705,0.0792411669090598,2.637536,True
Cebe.lop.n20.5,1,20,ILS,ils_suave,9791,27186,17395,1.7766316004493923,0.981563,True
Cebe.lop.n20.5,2,20,ILS,ils_suave,20365,27022,6657,0.32688436042229313,0.891948,True
Cebe.lop.n20.5,3,20,ILS,ils_suave,14924,26814,11890,0.7967032967032966,0.940191,True
Cebe.lop.n20.5,1,20,ILS,ils_fuerte,9791,27186,17395,1.7766316004493923,0.897507,True
Cebe.lop.n20.5,2,20,ILS,ils_fuerte,20365,27186,6821,0.33493739258531796,0.919748,True
Cebe.lop.n20.5,3,20,ILS,ils_fuerte,14924,26814,11890,0.7967032967032966,0.944580,True
Cebe.lop.n20.5,1,20,ILS,ils_fuerte_grande,9791,27019,17228,1.7595751200081708,0.906513,True
Cebe.lop.n20.5,2,20,ILS,ils_fuerte_grande,20365,27181,6816,0.334691873312055,0.937721,True
Cebe.lop.n20.5,3,20,ILS,ils_fuerte_grande,14924,26814,11890,0.7967032967032966,0.895004,True
Cebe.lop.n20.5,1,20,TABU,tabu_basico,9791,26811,17020,1.7383311204167091,0.846976,True
Cebe.lop.n20.5,2,20,TABU,tabu_basico,20365,27022,6657,0.32688436042229313,0.878797,True
Cebe.lop.n20.5,3,20,TABU,tabu_basico,14924,26814,11890,0.7967032967032966,0.832615,True
Cebe.lop.n20.5,1,20,TABU,tabu_memorias,9791,26811,17020,1.7383311204167091,0.896387,True
Cebe.lop.n20.5,2,20,TABU,tabu_memorias,20365,27022,6657,0.32688436042229313,0.860928,True
Cebe.lop.n20.5,3,20,TABU,tabu_memorias,14924,26814,11890,0.7967032967032966,0.861526,True
Cebe.lop.n20.5,1,20,TABU,tabu_memorias_grande,9791,26811,17020,1.7383311204167091,0.905595,True
Cebe.lop.n20.5,2,20,TABU,tabu_memorias_grande,20365,27022,6657,0.32688436042229313,0.849320,True
Cebe.lop.n20.5,3,20,TABU,tabu_memorias_grande,14924,26814,11890,0.7967032967032966,0.899089,True
Cebe.lop.n20.5,1,20,GA,ga_tournament_insert,22397,26820,4423,0.19748180559896414,2.887007,True
Cebe.lop.n20.5,2,20,GA,ga_tournament_insert,23371,27043,3672,0.15711779555859826,2.798247,True
Cebe.lop.n20.5,3,20,GA,ga_tournament_insert,23807,27101,3294,0.13836266644264292,2.851455,True
Cebe.lop.n20.5,1,20,GA,ga_tournament_swap,22397,26288,3891,0.17372862436933517,2.027989,True
Cebe.lop.n20.5,2,20,GA,ga_tournament_swap,23371,25886,2515,0.10761199777502033,2.175622,True
Cebe.lop.n20.5,3,20,GA,ga_tournament_swap,23807,26181,2374,0.09971857016843785,2.033399,True
Cebe.lop.n20.5,1,20,GA,ga_best,22397,27096,4699,0.20980488458275662,2.521160,True
Cebe.lop.n20.5,2,20,GA,ga_best,23371,27043,3672,0.15711779555859826,2.419415,True
Cebe.lop.n20.5,3,20,GA,ga_best,23807,27184,3377,0.14184903599781576,2.594755,True
Cebe.lop.n30.1,1,30,ILS,ils_suave,17682,36975,19293,1.0911096029860876,2.496210,True
Cebe.lop.n30.1,2,30,ILS,ils_suave,19053,36891,17838,0.9362305148795466,2.547785,True
Cebe.lop.n30.1,3,30,ILS,ils_suave,24405,37095,12690,0.5199754148740012,2.565707,True
Cebe.lop.n30.1,1,30,ILS,ils_fuerte,17682,37000,19318,1.0925234701956792,2.458803,True
Cebe.lop.n30.1,2,30,ILS,ils_fuerte,19053,37130,18077,0.9487744712118826,2.611465,True
Cebe.lop.n30.1,3,30,ILS,ils_fuerte,24405,37157,12752,0.5225158778938742,2.454465,True
Cebe.lop.n30.1,1,30,ILS,ils_fuerte_grande,17682,36668,18986,1.0737473136523017,2.611981,True
Cebe.lop.n30.1,2,30,ILS,ils_fuerte_grande,19053,37027,17974,0.9433684983992022,2.462937,True
Cebe.lop.n30.1,3,30,ILS,ils_fuerte_grande,24405,36919,12514,0.5127637779143618,2.667913,True
Cebe.lop.n30.1,1,30,TABU,tabu_basico,17682,36663,18981,1.0734645402103835,2.178018,True
Cebe.lop.n30.1,2,30,TABU,tabu_basico,19053,36891,17838,0.9362305148795466,2.321841,True
Cebe.lop.n30.1,3,30,TABU,tabu_basico,24405,36384,11979,0.4908420405654579,2.566440,True
Cebe.lop.n30.1,1,30,TABU,tabu_memorias,17682,36674,18992,1.0740866417826038,2.390072,True
Cebe.lop.n30.1,2,30,TABU,tabu_memorias,19053,36891,17838,0.9362305148795466,2.201549,True
Cebe.lop.n30.1,3,30,TABU,tabu_memorias,24405,36384,11979,0.4908420405654579,2.347267,True
Cebe.lop.n30.1,1,30,TABU,tabu_memorias_grande,17682,36674,18992,1.0740866417826038,2.244647,True
Cebe.lop.n30.1,2,30,TABU,tabu_memorias_grande,19053,36891,17838,0.9362305148795466,2.206812,True
Cebe.lop.n30.1,3,30,TABU,tabu_memorias_grande,24405,36384,11979,0.4908420405654579,2.331191,True
Cebe.lop.n30.1,1,30,GA,ga_tournament_insert,28951,37162,8211,0.28361714621256606,3.410851,True
Cebe.lop.n30.1,2,30,GA,ga_tournament_insert,30054,37157,7103,0.23634125241232448,3.359978,True
Cebe.lop.n30.1,3,30,GA,ga_tournament_insert,30031,37007,6976,0.23229329692650927,3.377660,True
Cebe.lop.n30.1,1,30,GA,ga_tournament_swap,28951,35351,6400,0.22106317571068357,2.453443,True
Cebe.lop.n30.1,2,30,GA,ga_tournament_swap,30054,34991,4937,0.16427097890463832,2.608414,True
Cebe.lop.n30.1,3,30,GA,ga_tournament_swap,30031,35307,5276,0.17568512537045053,2.400512,True
Cebe.lop.n30.1,1,30,GA,ga_best,28951,36812,7861,0.27152775379088806,2.986238,True
Cebe.lop.n30.1,2,30,GA,ga_best,30054,37167,7113,0.23667398682371732,2.814863,True
Cebe.lop.n30.1,3,30,GA,ga_best,30031,37113,7082,0.23582298291765175,3.179682,True
Cebe.lop.n30.2,1,30,ILS,ils_suave,30613,50848,20235,0.6609936954888446,2.462861,True
Cebe.lop.n30.2,2,30,ILS,ils_suave,30427,50785,20358,0.6690768067834489,2.561494,True
Cebe.lop.n30.2,3,30,ILS,ils_suave,30383,50627,20244,0.6662936510548662,2.452701,True
Cebe.lop.n30.2,1,30,ILS,ils_fuerte,30613,50864,20251,0.6615163492633849,2.597552,True
Cebe.lop.n30.2,2,30,ILS,ils_fuerte,30427,50891,20464,0.6725605547704342,2.434112,True
Cebe.lop.n30.2,3,30,ILS,ils_fuerte,30383,50860,20477,0.6739624131915875,2.615638,True
Cebe.lop.n30.2,1,30,ILS,ils_fuerte_grande,30613,50848,20235,0.6609936954888446,2.473142,True
Cebe.lop.n30.2,2,30,ILS,ils_fuerte_grande,30427,50906,20479,0.6730535379761396,2.598815,True
Cebe.lop.n30.2,3,30,ILS,ils_fuerte_grande,30383,50968,20585,0.6775170325510976,2.475443,True
Cebe.lop.n30.2,1,30,TABU,tabu_basico,30613,50848,20235,0.6609936954888446,2.279415,True
Cebe.lop.n30.2,2,30,TABU,tabu_basico,30427,50785,20358,0.6690768067834489,2.169447,True
Cebe.lop.n30.2,3,30,TABU,tabu_basico,30383,50568,20185,0.6643517756640226,2.272929,True
Cebe.lop.n30.2,1,30,TABU,tabu_memorias,30613,50848,20235,0.6609936954888446,2.221613,True
Cebe.lop.n30.2,2,30,TABU,tabu_memorias,30427,50785,20358,0.6690768067834489,2.177159,True
Cebe.lop.n30.2,3,30,TABU,tabu_memorias,30383,50576,20193,0.6646150808017641,2.338742,True
Cebe.lop.n30.2,1,30,TABU,tabu_memorias_grande,30613,50848,20235,0.6609936954888446,2.189728,True
Cebe.lop.n30.2,2,30,TABU,tabu_memorias_grande,30427,50785,20358,0.6690768067834489,2.411401,True
Cebe.lop.n30.2,3,30,TABU,tabu_memorias_grande,30383,50576,20193,0.6646150808017641,2.216023,True
Cebe.lop.n30.2,1,30,GA,ga_tournament_insert,40607,50223,9616,0.2368064619400596,3.340375,True
Cebe.lop.n30.2,2,30,GA,ga_tournament_insert,42424,50356,7932,0.1869696398265133,3.292265,True
Cebe.lop.n30.2,3,30,GA,ga_tournament_insert,40633,50184,9551,0.2350552506583319,3.334670,True
Cebe.lop.n30.2,1,30,GA,ga_tournament_swap,40607,47389,6782,0.16701553919275003,2.530696,True
Cebe.lop.n30.2,2,30,GA,ga_tournament_swap,42424,47391,4967,0.11707995474259852,2.438973,True
Cebe.lop.n30.2,3,30,GA,ga_tournament_swap,40633,48573,7940,0.1954076735658209,2.436025,True
Cebe.lop.n30.2,1,30,GA,ga_best,40607,50392,9785,0.240968305957101,2.922632,True
Cebe.lop.n30.2,2,30,GA,ga_best,42424,50518,8094,0.19078823307561757,2.993852,True
Cebe.lop.n30.2,3,30,GA,ga_best,40633,50426,9793,0.2410110009105899,3.206260,True
Cebe.lop.n30.3,1,30,ILS,ils_suave,37348,60165,22817,0.6109296347863339,2.605385,True
Cebe.lop.n30.3,2,30,ILS,ils_suave,38365,60174,21809,0.5684608367001173,2.454867,True
Cebe.lop.n30.3,3,30,ILS,ils_suave,32915,60394,27479,0.83484733404223,2.576991,True
Cebe.lop.n30.3,1,30,ILS,ils_fuerte,37348,60165,22817,0.6109296347863339,2.447346,True
Cebe.lop.n30.3,2,30,ILS,ils_fuerte,38365,60699,22334,0.5821451844128763,2.600552,True
Cebe.lop.n30.3,3,30,ILS,ils_fuerte,32915,60699,27784,0.8441136260063801,2.431957,True
Cebe.lop.n30.3,1,30,ILS,ils_fuerte_grande,37348,59958,22610,0.6053871693263361,2.666997,True
Cebe.lop.n30.3,2,30,ILS,ils_fuerte_grande,38365,60174,21809,0.5684608367001173,2.418965,True
Cebe.lop.n30.3,3,30,ILS,ils_fuerte_grande,32915,60166,27251,0.8279204010329637,2.607178,True
Cebe.lop.n30.3,1,30,TABU,tabu_basico,37348,59797,22449,0.6010763628574488,2.223442,True
Cebe.lop.n30.3,2,30,TABU,tabu_basico,38365,60174,21809,0.5684608367001173,2.238315,True
Cebe.lop.n30.3,3,30,TABU,tabu_basico,32915,59290,26375,0.8013063952605195,2.327229,True
Cebe.lop.n30.3,1,30,TABU,tabu_memorias,37348,59828,22480,0.6019063939166756,2.182778,True
Cebe.lop.n30.3,2,30,TABU,tabu_memorias,38365,60202,21837,0.569190668578131,2.383437,True
Cebe.lop.n30.3,3,30,TABU,tabu_memorias,32915,59362,26447,0.8034938477897615,2.173328,True
Cebe.lop.n30.3,1,30,TABU,tabu_memorias_grande,37348,59828,22480,0.6019063939166756,2.364786,True
Cebe.lop.n30.3,2,30,TABU,tabu_memorias_grande,38365,60202,21837,0.569190668578131,2.186901,True
Cebe.lop.n30.3,3,30,TABU,tabu_memorias_grande,32915,59362,26447,0.8034938477897615,2.170011,True
Cebe.lop.n30.3,1,30,GA,ga_tournament_insert,45220,60504,15284,0.3379920389208315,3.434888,True
Cebe.lop.n30.3,2,30,GA,ga_tournament_insert,46140,59801,13661,0.29607715648027744,3.364544,True
Cebe.lop.n30.3,3,30,GA,ga_tournament_insert,45549,60281,14732,0.32343190849414916,3.236235,True
Cebe.lop.n30.3,1,30,GA,ga_tournament_swap,45220,56972,11752,0.25988500663423264,2.597062,True
Cebe.lop.n30.3,2,30,GA,ga_tournament_swap,46140,57333,11193,0.24258777633289988,2.395180,True
Cebe.lop.n30.3,3,30,GA,ga_tournament_swap,45549,57809,12260,0.26916068409844346,2.546359,True
Cebe.lop.n30.3,1,30,GA,ga_best,45220,59940,14720,0.32551968155683325,2.825183,True
Cebe.lop.n30.3,2,30,GA,ga_best,46140,60150,14010,0.3036410923276983,2.938309,True
Cebe.lop.n30.3,3,30,GA,ga_best,45549,60224,14675,0.3221805089025006,2.881099,True
Cebe.lop.n30.4,1,30,ILS,ils_suave,66644,97689,31045,0.46583338335033914,2.603303,True
Cebe.lop.n30.4,2,30,ILS,ils_suave,53237,97373,44136,0.8290474669872457,2.430093,True
Cebe.lop.n30.4,3,30,ILS,ils_suave,33742,97555,63813,1.8912038409104381,2.610290,True
Cebe.lop.n30.4,1,30,ILS,ils_fuerte,66644,97417,30773,0.4617519956785307,2.453333,True
Cebe.lop.n30.4,2,30,ILS,ils_fuerte,53237,97353,44116,0.8286717884178297,2.621535,True
Cebe.lop.n30.4,3,30,ILS,ils_fuerte,33742,97677,63935,1.8948195127733982,2.443373,True
Cebe.lop.n30.4,1,30,ILS,ils_fuerte_grande,66644,97677,31033,0.46565332212952404,2.571226,True
Cebe.lop.n30.4,2,30,ILS,ils_fuerte_grande,53237,97290,44053,0.8274884009241693,2.498010,True
Cebe.lop.n30.4,3,30,ILS,ils_fuerte_grande,33742,97634,63892,1.8935451366249778,2.591869,True
Cebe.lop.n30.4,1,30,TABU,tabu_basico,66644,94359,27715,0.4158663945741552,2.164615,True
Cebe.lop.n30.4,2,30,TABU,tabu_basico,53237,97280,44043,0.8273005616394613,2.320661,True
Cebe.lop.n30.4,3,30,TABU,tabu_basico,33742,97555,63813,1.8912038409104381,2.151549,True
Cebe.lop.n30.4,1,30,TABU,tabu_memorias,66644,94359,27715,0.4158663945741552,2.345918,True
Cebe.lop.n30.4,2,30,TABU,tabu_memorias,53237,97288,44051,0.8274508330672277,2.229010,True
Cebe.lop.n30.4,3,30,TABU,tabu_memorias,33742,97555,63813,1.8912038409104381,2.212065,True
Cebe.lop.n30.4,1,30,TABU,tabu_memorias_grande,66644,95001,28357,0.42549966988776183,2.337530,True
Cebe.lop.n30.4,2,30,TABU,tabu_memorias_grande,53237,97288,44051,0.8274508330672277,2.227322,True
Cebe.lop.n30.4,3,30,TABU,tabu_memorias_grande,33742,97555,63813,1.8912038409104381,2.359207,True
Cebe.lop.n30.4,1,30,GA,ga_tournament_insert,81231,97086,15855,0.19518410459061195,3.250874,True
Cebe.lop.n30.4,2,30,GA,ga_tournament_insert,83867,97208,13341,0.15907329462124553,3.404979,True
Cebe.lop.n30.4,3,30,GA,ga_tournament_insert,82137,97252,15115,0.1840218172078357,3.371791,True
Cebe.lop.n30.4,1,30,GA,ga_tournament_swap,81231,91808,10577,0.13020891039135304,2.396314,True
Cebe.lop.n30.4,2,30,GA,ga_tournament_swap,83867,93586,9719,0.11588586690831912,2.525736,True
Cebe.lop.n30.4,3,30,GA,ga_tournament_swap,82137,92418,10281,0.12516892508857153,2.405883,True
Cebe.lop.n30.4,1,30,GA,ga_best,81231,97539,16308,0.20076079329320087,2.979816,True
Cebe.lop.n30.4,2,30,GA,ga_best,83867,97180,13313,0.15873943267316107,2.913472,True
Cebe.lop.n30.4,3,30,GA,ga_best,82137,97345,15208,0.1851540718555584,3.127999,True
Cebe.lop.n30.5,1,30,ILS,ils_suave,86171,111759,25588,0.296944447668009,2.465801,True
Cebe.lop.n30.5,2,30,ILS,ils_suave,86318,112653,26335,0.30509279640399456,2.575932,True
Cebe.lop.n30.5,3,30,ILS,ils_suave,52830,112930,60100,1.1376112057543062,2.445617,True
Cebe.lop.n30.5,1,30,ILS,ils_fuerte,86171,112371,26200,0.30404660500632463,2.598384,True
Cebe.lop.n30.5,2,30,ILS,ils_fuerte,86318,112653,26335,0.30509279640399456,2.455625,True
Cebe.lop.n30.5,3,30,ILS,ils_fuerte,52830,112930,60100,1.1376112057543062,2.600336,True
Cebe.lop.n30.5,1,30,ILS,ils_fuerte_grande,86171,112291,26120,0.30311821842615266,2.453133,True
Cebe.lop.n30.5,2,30,ILS,ils_fuerte_grande,86318,112653,26335,0.30509279640399456,2.604598,True
Cebe.lop.n30.5,3,30,ILS,ils_fuerte_grande,52830,112930,60100,1.1376112057543062,2.463849,True
Cebe.lop.n30.5,1,30,TABU,tabu_basico,86171,111043,24872,0.2886353877754697,2.329141,True
Cebe.lop.n30.5,2,30,TABU,tabu_basico,86318,112653,26335,0.30509279640399456,2.181823,True
Cebe.lop.n30.5,3,30,TABU,tabu_basico,52830,112930,60100,1.1376112057543062,2.211973,True
Cebe.lop.n30.5,1,30,TABU,tabu_memorias,86171,111043,24872,0.2886353877754697,2.325722,True
Cebe.lop.n30.5,2,30,TABU,tabu_memorias,86318,112653,26335,0.30509279640399456,2.201979,True
Cebe.lop.n30.5,3,30,TABU,tabu_memorias,52830,112933,60103,1.1376679916713988,2.325186,True
Cebe.lop.n30.5,1,30,TABU,tabu_memorias_grande,86171,111043,24872,0.2886353877754697,2.198007,True
Cebe.lop.n30.5,2,30,TABU,tabu_memorias_grande,86318,112653,26335,0.30509279640399456,2.343965,True
Cebe.lop.n30.5,3,30,TABU,tabu_memorias_grande,52830,112933,60103,1.1376679916713988,2.248830,True
Cebe.lop.n30.5,1,30,GA,ga_tournament_insert,94943,112438,17495,0.1842684558103283,3.438885,True
Cebe.lop.n30.5,2,30,GA,ga_tournament_insert,93866,112887,19021,0.20263993352225512,3.246481,True
Cebe.lop.n30.5,3,30,GA,ga_tournament_insert,97869,112345,14476,0.1479120048227733,3.375477,True
Cebe.lop.n30.5,1,30,GA,ga_tournament_swap,94943,104788,9845,0.10369379522450313,2.413732,True
Cebe.lop.n30.5,2,30,GA,ga_tournament_swap,93866,104049,10183,0.10848443525877315,2.529964,True
Cebe.lop.n30.5,3,30,GA,ga_tournament_swap,97869,105751,7882,0.08053622699731273,2.409976,True
Cebe.lop.n30.5,1,30,GA,ga_best,94943,112008,17065,0.17973942260092898,2.983241,True
Cebe.lop.n30.5,2,30,GA,ga_best,93866,111710,17844,0.190100781965781,2.868574,True
Cebe.lop.n30.5,3,30,GA,ga_best,97869,112447,14578,0.1489542143068796,3.321742,True
N-r100a2,1,100,ILS,ils_suave,88380,144969,56589,0.6402919212491514,81.664574,True
N-r100a2,2,100,ILS,ils_suave,75336,144457,69121,0.9175029202506106,81.764779,True
N-r100a2,3,100,ILS,ils_suave,82984,144353,61369,0.7395281018027572,82.480233,True
N-r100a2,1,100,ILS,ils_fuerte,88380,144969,56589,0.6402919212491514,82.179505,True
N-r100a2,2,100,ILS,ils_fuerte,75336,144457,69121,0.9175029202506106,80.709388,True
N-r100a2,3,100,ILS,ils_fuerte,82984,144353,61369,0.7395281018027572,80.942656,True
N-r100a2,1,100,ILS,ils_fuerte_grande,88380,144969,56589,0.6402919212491514,80.854161,True
N-r100a2,2,100,ILS,ils_fuerte_grande,75336,144457,69121,0.9175029202506106,81.778418,True
N-r100a2,3,100,ILS,ils_fuerte_grande,82984,144353,61369,0.7395281018027572,81.013660,True
N-r100a2,1,100,TABU,tabu_basico,88380,144969,56589,0.6402919212491514,67.379651,True
N-r100a2,2,100,TABU,tabu_basico,75336,144457,69121,0.9175029202506106,67.454772,True
N-r100a2,3,100,TABU,tabu_basico,82984,144353,61369,0.7395281018027572,67.645152,True
N-r100a2,1,100,TABU,tabu_memorias,88380,144969,56589,0.6402919212491514,67.361924,True
N-r100a2,2,100,TABU,tabu_memorias,75336,144457,69121,0.9175029202506106,67.517072,True
N-r100a2,3,100,TABU,tabu_memorias,82984,144353,61369,0.7395281018027572,67.623941,True
N-r100a2,1,100,TABU,tabu_memorias_grande,88380,144969,56589,0.6402919212491514,67.928113,True
N-r100a2,2,100,TABU,tabu_memorias_grande,75336,144457,69121,0.9175029202506106,67.464343,True
N-r100a2,3,100,TABU,tabu_memorias_grande,82984,144353,61369,0.7395281018027572,67.560828,True
N-r100a2,1,100,GA,ga_tournament_insert,96148,141310,45162,0.4697133585722012,10.577442,True
N-r100a2,2,100,GA,ga_tournament_insert,92907,140785,47878,0.5153325368379131,10.400879,True
N-r100a2,3,100,GA,ga_tournament_insert,95181,139728,44547,0.4680240804362215,10.469872,True
N-r100a2,1,100,GA,ga_tournament_swap,96148,126214,30066,0.31270541248907935,8.147435,True
N-r100a2,2,100,GA,ga_tournament_swap,92907,122534,29627,0.31888878125437264,8.221295,True
N-r100a2,3,100,GA,ga_tournament_swap,95181,122236,27055,0.2842479066200187,8.132584,True
N-r100a2,1,100,GA,ga_best,96148,139693,43545,0.45289553604859173,9.347000,True
N-r100a2,2,100,GA,ga_best,92907,139570,46663,0.5022549431151582,10.330580,True
N-r100a2,3,100,GA,ga_best,95181,140263,45082,0.4736449501476135,9.475282,True
N-r100b2,1,100,ILS,ils_suave,80546,142966,62420,0.7749608919126959,81.438972,True
N-r100b2,2,100,ILS,ils_suave,87542,141979,54437,0.6218386603001987,81.334160,True
N-r100b2,3,100,ILS,ils_suave,79105,142432,63327,0.8005435813159725,81.193827,True
N-r100b2,1,100,ILS,ils_fuerte,80546,142966,62420,0.7749608919126959,81.095600,True
N-r100b2,2,100,ILS,ils_fuerte,87542,141979,54437,0.6218386603001987,81.428534,True
N-r100b2,3,100,ILS,ils_fuerte,79105,142432,63327,0.8005435813159725,80.838741,True
N-r100b2,1,100,ILS,ils_fuerte_grande,80546,142966,62420,0.7749608919126959,80.796983,True
N-r100b2,2,100,ILS,ils_fuerte_grande,87542,141979,54437,0.6218386603001987,82.013417,True
N-r100b2,3,100,ILS,ils_fuerte_grande,79105,142432,63327,0.8005435813159725,83.059570,True
N-r100b2,1,100,TABU,tabu_basico,80546,142966,62420,0.7749608919126959,69.707963,True
N-r100b2,2,100,TABU,tabu_basico,87542,141979,54437,0.6218386603001987,69.341254,True
N-r100b2,3,100,TABU,tabu_basico,79105,142432,63327,0.8005435813159725,68.733973,True
N-r100b2,1,100,TABU,tabu_memorias,80546,142966,62420,0.7749608919126959,69.449494,True
N-r100b2,2,100,TABU,tabu_memorias,87542,141979,54437,0.6218386603001987,67.372437,True
N-r100b2,3,100,TABU,tabu_memorias,79105,142432,63327,0.8005435813159725,67.351133,True
N-r100b2,1,100,TABU,tabu_memorias_grande,80546,142966,62420,0.7749608919126959,67.481661,True
N-r100b2,2,100,TABU,tabu_memorias_grande,87542,141979,54437,0.6218386603001987,68.058507,True
N-r100b2,3,100,TABU,tabu_memorias_grande,79105,142432,63327,0.8005435813159725,67.694617,True
N-r100b2,1,100,GA,ga_tournament_insert,94223,139125,44902,0.4765503114950702,10.647953,True
N-r100b2,2,100,GA,ga_tournament_insert,97159,137647,40488,0.41671898640372995,10.594350,True
N-r100b2,3,100,GA,ga_tournament_insert,91990,139101,47111,0.5121317534514621,10.572244,True
N-r100b2,1,100,GA,ga_tournament_swap,94223,125149,30926,0.328221347229445,8.119955,True
N-r100b2,2,100,GA,ga_tournament_swap,97159,123774,26615,0.27393242005372637,8.228417,True
N-r100b2,3,100,GA,ga_tournament_swap,91990,121256,29266,0.31814327644309165,8.143502,True
N-r100b2,1,100,GA,ga_best,94223,137553,43330,0.45986648695116905,9.421789,True
N-r100b2,2,100,GA,ga_best,97159,138424,41265,0.4247161868689468,9.954414,True
N-r100b2,3,100,GA,ga_best,91990,137265,45275,0.4921730622893793,10.232946,True
N-r100c2,1,100,ILS,ils_suave,83189,141185,57996,0.6971594802197406,81.139383,True
N-r100c2,2,100,ILS,ils_suave,79920,140636,60716,0.7597097097097097,81.947843,True
N-r100c2,3,100,ILS,ils_suave,81436,140844,59408,0.7295053784567022,81.453573,True
N-r100c2,1,100,ILS,ils_fuerte,83189,141185,57996,0.6971594802197406,81.042090,True
N-r100c2,2,100,ILS,ils_fuerte,79920,140636,60716,0.7597097097097097,81.158395,True
N-r100c2,3,100,ILS,ils_fuerte,81436,140844,59408,0.7295053784567022,81.332408,True
N-r100c2,1,100,ILS,ils_fuerte_grande,83189,141185,57996,0.6971594802197406,81.014161,True
N-r100c2,2,100,ILS,ils_fuerte_grande,79920,140636,60716,0.7597097097097097,80.897676,True
N-r100c2,3,100,ILS,ils_fuerte_grande,81436,140844,59408,0.7295053784567022,80.855204,True
N-r100c2,1,100,TABU,tabu_basico,83189,141185,57996,0.6971594802197406,67.002312,True
N-r100c2,2,100,TABU,tabu_basico,79920,140636,60716,0.7597097097097097,66.681145,True
N-r100c2,3,100,TABU,tabu_basico,81436,140844,59408,0.7295053784567022,66.475197,True
N-r100c2,1,100,TABU,tabu_memorias,83189,141185,57996,0.6971594802197406,67.045025,True
N-r100c2,2,100,TABU,tabu_memorias,79920,140636,60716,0.7597097097097097,68.237376,True
N-r100c2,3,100,TABU,tabu_memorias,81436,140844,59408,0.7295053784567022,67.395087,True
N-r100c2,1,100,TABU,tabu_memorias_grande,83189,141185,57996,0.6971594802197406,67.087309,True
N-r100c2,2,100,TABU,tabu_memorias_grande,79920,140636,60716,0.7597097097097097,66.668397,True
N-r100c2,3,100,TABU,tabu_memorias_grande,81436,140844,59408,0.7295053784567022,66.841886,True
N-r100c2,1,100,GA,ga_tournament_insert,91806,137299,45493,0.4955340609546217,10.873536,True
N-r100c2,2,100,GA,ga_tournament_insert,93716,137139,43423,0.4633467070724316,10.547699,True
N-r100c2,3,100,GA,ga_tournament_insert,96912,137317,40405,0.4169246326564306,10.647287,True
N-r100c2,1,100,GA,ga_tournament_swap,91806,124158,32352,0.35239526828311873,8.322119,True
N-r100c2,2,100,GA,ga_tournament_swap,93716,125142,31426,0.3353322805070639,8.239705,True
N-r100c2,3,100,GA,ga_tournament_swap,96912,121665,24753,0.2554172857850421,8.192684,True
N-r100c2,1,100,GA,ga_best,91806,137089,45283,0.49324662876064745,10.142309,True
N-r100c2,2,100,GA,ga_best,93716,136925,43209,0.46106321225831237,9.658511,True
N-r100c2,3,100,GA,ga_best,96912,134297,37385,0.3857623410929503,9.621722,True
N-r100d2,1,100,ILS,ils_suave,80154,141722,61568,0.7681213663697383,81.549841,True
N-r100d2,2,100,ILS,ils_suave,87485,141482,53997,0.6172143796079328,81.389532,True
N-r100d2,3,100,ILS,ils_suave,81322,141461,60139,0.7395169818745235,81.510943,True
N-r100d2,1,100,ILS,ils_fuerte,80154,141722,61568,0.7681213663697383,81.153230,True
N-r100d2,2,100,ILS,ils_fuerte,87485,141482,53997,0.6172143796079328,81.231041,True
N-r100d2,3,100,ILS,ils_fuerte,81322,141461,60139,0.7395169818745235,81.730754,True
N-r100d2,1,100,ILS,ils_fuerte_grande,80154,141722,61568,0.7681213663697383,81.854597,True
N-r100d2,2,100,ILS,ils_fuerte_grande,87485,141482,53997,0.6172143796079328,81.384834,True
N-r100d2,3,100,ILS,ils_fuerte_grande,81322,141461,60139,0.7395169818745235,81.343063,True
N-r100d2,1,100,TABU,tabu_basico,80154,141722,61568,0.7681213663697383,67.079130,True
N-r100d2,2,100,TABU,tabu_basico,87485,141482,53997,0.6172143796079328,67.292773,True
N-r100d2,3,100,TABU,tabu_basico,81322,141461,60139,0.7395169818745235,66.776515,True
N-r100d2,1,100,TABU,tabu_memorias,80154,141722,61568,0.7681213663697383,67.099193,True
N-r100d2,2,100,TABU,tabu_memorias,87485,141482,53997,0.6172143796079328,66.826172,True
N-r100d2,3,100,TABU,tabu_memorias,81322,141461,60139,0.7395169818745235,67.178923,True
N-r100d2,1,100,TABU,tabu_memorias_grande,80154,141722,61568,0.7681213663697383,66.805938,True
N-r100d2,2,100,TABU,tabu_memorias_grande,87485,141482,53997,0.6172143796079328,66.870615,True
N-r100d2,3,100,TABU,tabu_memorias_grande,81322,141461,60139,0.7395169818745235,67.588828,True
N-r100d2,1,100,GA,ga_tournament_insert,95065,138124,43059,0.4529427233997791,10.676388,True
N-r100d2,2,100,GA,ga_tournament_insert,96391,138061,41670,0.4323017709122221,10.573760,True
N-r100d2,3,100,GA,ga_tournament_insert,95793,137598,41805,0.4364097585418559,10.687565,True
N-r100d2,1,100,GA,ga_tournament_swap,95065,125258,30193,0.31760374480618525,8.321558,True
N-r100d2,2,100,GA,ga_tournament_swap,96391,122988,26597,0.2759282505628119,8.636609,True
N-r100d2,3,100,GA,ga_tournament_swap,95793,123899,28106,0.2934034845969956,8.362048,True
N-r100d2,1,100,GA,ga_best,95065,137724,42659,0.4487350760006312,9.818050,True
N-r100d2,2,100,GA,ga_best,96391,136600,40209,0.41714475417829466,9.659874,True
N-r100d2,3,100,GA,ga_best,95793,137791,41998,0.43842451953691813,10.027744,True
N-r100e2,1,100,ILS,ils_suave,85483,146637,61154,0.7153937040113238,81.265337,True
N-r100e2,2,100,ILS,ils_suave,89731,146419,56688,0.6317549119033555,81.980546,True
N-r100e2,3,100,ILS,ils_suave,85835,146980,61145,0.7123550999009728,81.992673,True
N-r100e2,1,100,ILS,ils_fuerte,85483,146637,61154,0.7153937040113238,81.735095,True
N-r100e2,2,100,ILS,ils_fuerte,89731,146419,56688,0.6317549119033555,81.719812,True
N-r100e2,3,100,ILS,ils_fuerte,85835,146980,61145,0.7123550999009728,81.568275,True
N-r100e2,1,100,ILS,ils_fuerte_grande,85483,146637,61154,0.7153937040113238,81.983630,True
N-r100e2,2,100,ILS,ils_fuerte_grande,89731,146419,56688,0.6317549119033555,82.270988,True
N-r100e2,3,100,ILS,ils_fuerte_grande,85835,146980,61145,0.7123550999009728,81.626045,True
N-r100e2,1,100,TABU,tabu_basico,85483,146637,61154,0.7153937040113238,69.841648,True
N-r100e2,2,100,TABU,tabu_basico,89731,146419,56688,0.6317549119033555,70.022987,True
N-r100e2,3,100,TABU,tabu_basico,85835,146980,61145,0.7123550999009728,70.212832,True
N-r100e2,1,100,TABU,tabu_memorias,85483,146637,61154,0.7153937040113238,70.016607,True
N-r100e2,2,100,TABU,tabu_memorias,89731,146419,56688,0.6317549119033555,70.108229,True
N-r100e2,3,100,TABU,tabu_memorias,85835,146980,61145,0.7123550999009728,70.054330,True
N-r100e2,1,100,TABU,tabu_memorias_grande,85483,146637,61154,0.7153937040113238,70.561484,True
N-r100e2,2,100,TABU,tabu_memorias_grande,89731,146419,56688,0.6317549119033555,70.220935,True
N-r100e2,3,100,TABU,tabu_memorias_grande,85835,146980,61145,0.7123550999009728,70.142686,True
N-r100e2,1,100,GA,ga_tournament_insert,93669,143307,49638,0.5299298593985203,10.582282,True
N-r100e2,2,100,GA,ga_tournament_insert,94739,142547,47808,0.5046285056840372,10.587207,True
N-r100e2,3,100,GA,ga_tournament_insert,95784,143569,47785,0.49888290319886414,10.594616,True
N-r100e2,1,100,GA,ga_tournament_swap,93669,130223,36554,0.3902465063147893,8.253088,True
N-r100e2,2,100,GA,ga_tournament_swap,94739,131354,36615,0.38648286344588817,8.298033,True
N-r100e2,3,100,GA,ga_tournament_swap,95784,127168,31384,0.32765388791447425,8.224341,True
N-r100e2,1,100,GA,ga_best,93669,142683,49014,0.5232681036415463,9.847057,True
N-r100e2,2,100,GA,ga_best,94739,143384,48645,0.5134633044469543,9.621766,True
N-r100e2,3,100,GA,ga_best,95784,142142,46358,0.48398479913137893,10.548842,True

